instrument_token,exchange_token,tradingsymbol,name,last_price,expiry,strike,tick_size,lot_size,instrument_type,segment,exchange,norm_tradingsymbol
1793,7,AARTIIND,AARTI INDUSTRIES,0.0,,0.0,0.05,1,EQ,NSE,NSE,AARTIIND
3329,13,ABB,ABB INDIA,0.0,,0.0,0.5,1,EQ,NSE,NSE,ABB
5633,22,ACC,ACC,0.0,,0.0,0.1,1,EQ,NSE,NSE,ACC
6401,25,ADANIENT,ADANI ENTERPRISES,0.0,,0.0,0.1,1,EQ,NSE,NSE,ADANIENT
10241,40,AEGISLOG,AEGIS LOGISTICS,0.0,,0.0,0.05,1,EQ,NSE,NSE,AEGISLOG
12289,48,HAPPSTMNDS,HAPPIEST MINDS TECHNO,0.0,,0.0,0.05,1,EQ,NSE,NSE,HAPPSTMNDS
25601,100,ARE&M,AMARA RAJA ENERGY MOB,0.0,,0.0,0.1,1,EQ,NSE,NSE,AREM
36865,144,GODREJAGRO,GODREJ AGROVET,0.0,,0.0,0.05,1,EQ,NSE,NSE,GODREJAGRO
40193,157,APOLLOHOSP,APOLLO HOSPITALS ENTER. L,0.0,,0.0,0.5,1,EQ,NSE,NSE,APOLLOHOSP
41729,163,APOLLOTYRE,APOLLO TYRES,0.0,,0.0,0.05,1,EQ,NSE,NSE,APOLLOTYRE
54273,212,ASHOKLEY,ASHOK LEYLAND,0.0,,0.0,0.01,1,EQ,NSE,NSE,ASHOKLEY
56321,220,IEX,INDIAN ENERGY EXC,0.0,,0.0,0.01,1,EQ,NSE,NSE,IEX
60417,236,ASIANPAINT,ASIAN PAINTS,0.0,,0.0,0.1,1,EQ,NSE,NSE,ASIANPAINT
67329,263,ATUL,ATUL,0.0,,0.0,0.5,1,EQ,NSE,NSE,ATUL
70401,275,AUROPHARMA,AUROBINDO PHARMA,0.0,,0.0,0.1,1,EQ,NSE,NSE,AUROPHARMA
70913,277,GICRE,GENERAL INS CORP OF INDIA,0.0,,0.0,0.05,1,EQ,NSE,NSE,GICRE
78081,305,BAJAJHLDNG,BAJAJ HOLDINGS & INVS,0.0,,0.0,1.0,1,EQ,NSE,NSE,BAJAJHLDNG
79873,312,TIINDIA,TUBE INVEST OF INDIA,0.0,,0.0,0.1,1,EQ,NSE,NSE,TIINDIA
81153,317,BAJFINANCE,BAJAJ FINANCE,0.0,,0.0,0.1,1,EQ,NSE,NSE,BAJFINANCE
82945,324,ANGELONE,ANGEL ONE,0.0,,0.0,0.1,1,EQ,NSE,NSE,ANGELONE
85761,335,BALKRISIND,BALKRISHNA IND.,0.0,,0.0,0.1,1,EQ,NSE,NSE,BALKRISIND
87297,341,BALRAMCHIN,BALRAMPUR CHINI MILLS,0.0,,0.0,0.05,1,EQ,NSE,NSE,BALRAMCHIN
87553,342,CAMS,COMPUTER AGE MNGT SER,0.0,,0.0,0.1,1,EQ,NSE,NSE,CAMS
91393,357,NAM-INDIA,NIPPON L I A M,0.0,,0.0,0.05,1,EQ,NSE,NSE,NAMINDIA
94209,368,BASF,BASF INDIA,0.0,,0.0,0.1,1,EQ,NSE,NSE,BASF
94977,371,BATAINDIA,BATA INDIA,0.0,,0.0,0.1,1,EQ,NSE,NSE,BATAINDIA
97281,380,BBTC,BOMBAY BURMAH TRADING COR,0.0,,0.0,0.1,1,EQ,NSE,NSE,BBTC
98049,383,BEL,BHARAT ELECTRONICS,0.0,,0.0,0.05,1,EQ,NSE,NSE,BEL
101121,395,BEML,BEML,0.0,,0.0,0.1,1,EQ,NSE,NSE,BEML
102145,399,NIACL,THE NEW INDIA ASSU CO,0.0,,0.0,0.01,1,EQ,NSE,NSE,NIACL
103425,404,BERGEPAINT,BERGER PAINTS (I),0.0,,0.0,0.05,1,EQ,NSE,NSE,BERGEPAINT
108033,422,BHARATFORG,BHARAT FORGE,0.0,,0.0,0.1,1,EQ,NSE,NSE,BHARATFORG
112129,438,BHEL,BHEL,0.0,,0.0,0.05,1,EQ,NSE,NSE,BHEL
119553,467,HDFCLIFE,HDFC LIFE INS CO,0.0,,0.0,0.05,1,EQ,NSE,NSE,HDFCLIFE
121345,474,3MINDIA,3M INDIA,0.0,,0.0,5.0,1,EQ,NSE,NSE,3MINDIA
126721,495,BLUEDART,BLUE DART EXPRESS,0.0,,0.0,0.5,1,EQ,NSE,NSE,BLUEDART
130305,509,MAZDOCK,MAZAGON DOCK SHIPBUIL,0.0,,0.0,0.1,1,EQ,NSE,NSE,MAZDOCK
134657,526,BPCL,BHARAT PETROLEUM CORP  LT,0.0,,0.0,0.05,1,EQ,NSE,NSE,BPCL
134913,527,UTIAMC,UTI ASSET MNGMT CO,0.0,,0.0,0.1,1,EQ,NSE,NSE,UTIAMC
140033,547,BRITANNIA,BRITANNIA INDUSTRIES,0.0,,0.0,0.5,1,EQ,NSE,NSE,BRITANNIA
149249,583,CANFINHOME,CAN FIN HOMES,0.0,,0.0,0.05,1,EQ,NSE,NSE,CANFINHOME
151553,592,GRAPHITE,GRAPHITE INDIA,0.0,,0.0,0.05,1,EQ,NSE,NSE,GRAPHITE
152321,595,CARBORUNIV,CARBORUNDUM UNIVERSAL,0.0,,0.0,0.05,1,EQ,NSE,NSE,CARBORUNIV
160001,625,ABREL,ADITYA BIRLA REAL EST,0.0,,0.0,0.1,1,EQ,NSE,NSE,ABREL
160769,628,CESC,CESC,0.0,,0.0,0.01,1,EQ,NSE,NSE,CESC
163073,637,CHAMBLFERT,CHAMBAL FERTILIZERS,0.0,,0.0,0.05,1,EQ,NSE,NSE,CHAMBLFERT
173057,676,EXIDEIND,EXIDE INDUSTRIES,0.0,,0.0,0.05,1,EQ,NSE,NSE,EXIDEIND
175361,685,CHOLAFIN,CHOLAMANDALAM IN & FIN CO,0.0,,0.0,0.1,1,EQ,NSE,NSE,CHOLAFIN
177665,694,CIPLA,CIPLA,0.0,,0.0,0.1,1,EQ,NSE,NSE,CIPLA
189185,739,COROMANDEL,COROMANDEL INTERNTL.,0.0,,0.0,0.1,1,EQ,NSE,NSE,COROMANDEL
193793,757,CRISIL,CRISIL,0.0,,0.0,0.1,1,EQ,NSE,NSE,CRISIL
194561,760,CGPOWER,CG POWER AND IND SOL,0.0,,0.0,0.05,1,EQ,NSE,NSE,CGPOWER
197633,772,DABUR,DABUR INDIA,0.0,,0.0,0.05,1,EQ,NSE,NSE,DABUR
207617,811,DCMSHRIRAM,DCM SHRIRAM,0.0,,0.0,0.1,1,EQ,NSE,NSE,DCMSHRIRAM
211713,827,DEEPAKFERT,DEEPAK FERTILIZERS & PETR,0.0,,0.0,0.1,1,EQ,NSE,NSE,DEEPAKFERT
225537,881,DRREDDY,DR. REDDY S LABORATORIES,0.0,,0.0,0.1,1,EQ,NSE,NSE,DRREDDY
232961,910,EICHERMOT,EICHER MOTORS,0.0,,0.0,0.5,1,EQ,NSE,NSE,EICHERMOT
234497,916,EIDPARRY,EID PARRY INDIA,0.0,,0.0,0.1,1,EQ,NSE,NSE,EIDPARRY
235265,919,EIHOTEL,EIH - OBEROI HOTELS,0.0,,0.0,0.05,1,EQ,NSE,NSE,EIHOTEL
239873,937,ELGIEQUIP,ELGI EQUIPMENTS,0.0,,0.0,0.05,1,EQ,NSE,NSE,ELGIEQUIP
245249,958,ESCORTS,ESCORTS KUBOTA,0.0,,0.0,0.1,1,EQ,NSE,NSE,ESCORTS
258049,1008,FACT,FACT,0.0,,0.0,0.05,1,EQ,NSE,NSE,FACT
258817,1011,SCHAEFFLER,SCHAEFFLER INDIA,0.0,,0.0,0.1,1,EQ,NSE,NSE,SCHAEFFLER
261889,1023,FEDERALBNK,FEDERAL BANK,0.0,,0.0,0.01,1,EQ,NSE,NSE,FEDERALBNK
265729,1038,FINCABLES,FINOLEX CABLES,0.0,,0.0,0.05,1,EQ,NSE,NSE,FINCABLES
266497,1041,FINPIPE,FINOLEX INDUSTRIES,0.0,,0.0,0.01,1,EQ,NSE,NSE,FINPIPE
275457,1076,ZENSARTECH,ZENSAR TECHNOLOGIES ,0.0,,0.0,0.05,1,EQ,NSE,NSE,ZENSARTECH
295169,1153,GLAXO,GLAXOSMITHKLINE PHARMA LT,0.0,,0.0,0.1,1,EQ,NSE,NSE,GLAXO
297985,1164,NEWGEN,NEWGEN SOFTWARE TECH,0.0,,0.0,0.05,1,EQ,NSE,NSE,NEWGEN
302337,1181,GODFRYPHLP,GODFREY PHILLIPS INDIA LT,0.0,,0.0,0.1,1,EQ,NSE,NSE,GODFRYPHLP
303361,1185,AMBER,AMBER ENTERPRISES (I),0.0,,0.0,0.5,1,EQ,NSE,NSE,AMBER
303617,1186,GLAND,GLAND PHARMA,0.0,,0.0,0.1,1,EQ,NSE,NSE,GLAND
315393,1232,GRASIM,GRASIM INDUSTRIES,0.0,,0.0,0.1,1,EQ,NSE,NSE,GRASIM
320001,1250,CASTROLIND,CASTROL INDIA,0.0,,0.0,0.01,1,EQ,NSE,NSE,CASTROLIND
325121,1270,AMBUJACEM,AMBUJA CEMENTS,0.0,,0.0,0.05,1,EQ,NSE,NSE,AMBUJACEM
341249,1333,HDFCBANK,HDFC BANK,0.0,,0.0,0.05,1,EQ,NSE,NSE,HDFCBANK
342017,1336,HEG,HEG,0.0,,0.0,0.05,1,EQ,NSE,NSE,HEG
345089,1348,HEROMOTOCO,HERO MOTOCORP,0.0,,0.0,0.5,1,EQ,NSE,NSE,HEROMOTOCO
348929,1363,HINDALCO,HINDALCO  INDUSTRIES ,0.0,,0.0,0.05,1,EQ,NSE,NSE,HINDALCO
356865,1394,HINDUNILVR,HINDUSTAN UNILEVER,0.0,,0.0,0.1,1,EQ,NSE,NSE,HINDUNILVR
359937,1406,HINDPETRO,HINDUSTAN PETROLEUM CORP,0.0,,0.0,0.05,1,EQ,NSE,NSE,HINDPETRO
364545,1424,HINDZINC,HINDUSTAN ZINC,0.0,,0.0,0.05,1,EQ,NSE,NSE,HINDZINC
375553,1467,AKZOINDIA,AKZO NOBEL INDIA,0.0,,0.0,0.1,1,EQ,NSE,NSE,AKZOINDIA
377857,1476,IDBI,IDBI BANK,0.0,,0.0,0.01,1,EQ,NSE,NSE,IDBI
381697,1491,IFCI,IFCI,0.0,,0.0,0.01,1,EQ,NSE,NSE,IFCI
386049,1508,ASTERDM,ASTER DM HEALTHCARE,0.0,,0.0,0.05,1,EQ,NSE,NSE,ASTERDM
387073,1512,INDHOTEL,THE INDIAN HOTELS CO.,0.0,,0.0,0.05,1,EQ,NSE,NSE,INDHOTEL
387841,1515,INDIACEM,THE INDIA CEMENTS,0.0,,0.0,0.05,1,EQ,NSE,NSE,INDIACEM
403457,1576,GILLETTE,GILLETTE INDIA,0.0,,0.0,0.5,1,EQ,NSE,NSE,GILLETTE
408065,1594,INFY,INFOSYS,0.0,,0.0,0.1,1,EQ,NSE,NSE,INFY
414977,1621,TATAINVEST,TATA INVESTMENT CORP,0.0,,0.0,0.05,1,EQ,NSE,NSE,TATAINVEST
415745,1624,IOC,INDIAN OIL CORP,0.0,,0.0,0.01,1,EQ,NSE,NSE,IOC
416513,1627,LINDEINDIA,LINDE INDIA,0.0,,0.0,0.5,1,EQ,NSE,NSE,LINDEINDIA
418049,1633,IPCALAB,IPCA LABORATORIES,0.0,,0.0,0.1,1,EQ,NSE,NSE,IPCALAB
424961,1660,ITC,ITC,0.0,,0.0,0.05,1,EQ,NSE,NSE,ITC
428801,1675,ITI,ITI,0.0,,0.0,0.05,1,EQ,NSE,NSE,ITI
441857,1726,JBCHEPHARM,J B CHEMICALS AND PHARMA,0.0,,0.0,0.1,1,EQ,NSE,NSE,JBCHEPHARM
462849,1808,KAJARIACER,KAJARIA CERAMICS,0.0,,0.0,0.1,1,EQ,NSE,NSE,KAJARIACER
464385,1814,KPIL,KALPATARU PROJECT INT,0.0,,0.0,0.1,1,EQ,NSE,NSE,KPIL
470529,1838,KARURVYSYA,KARUR VYSYA BANK,0.0,,0.0,0.01,1,EQ,NSE,NSE,KARURVYSYA
486657,1901,CUMMINSIND,CUMMINS INDIA,0.0,,0.0,0.1,1,EQ,NSE,NSE,CUMMINSIND
492033,1922,KOTAKBANK,KOTAK MAHINDRA BANK,0.0,,0.0,0.1,1,EQ,NSE,NSE,KOTAKBANK
498945,1949,KSB,KSB,0.0,,0.0,0.05,1,EQ,NSE,NSE,KSB
502785,1964,TRENT,TRENT,0.0,,0.0,0.1,1,EQ,NSE,NSE,TRENT
511233,1997,LICHSGFIN,LIC HOUSING FINANCE,0.0,,0.0,0.05,1,EQ,NSE,NSE,LICHSGFIN
519425,2029,IRFC,INDIAN RAILWAY FIN CORP L,0.0,,0.0,0.01,1,EQ,NSE,NSE,IRFC
519937,2031,M&M,MAHINDRA & MAHINDRA,0.0,,0.0,0.1,1,EQ,NSE,NSE,MM
523009,2043,RAMCOCEM,THE RAMCO CEMENTS,0.0,,0.0,0.1,1,EQ,NSE,NSE,RAMCOCEM
524545,2049,CHENNPETRO,CHENNAI PETROLEUM CORP LT,0.0,,0.0,0.05,1,EQ,NSE,NSE,CHENNPETRO
526337,2056,HOMEFIRST,HOME FIRST FIN CO IND,0.0,,0.0,0.1,1,EQ,NSE,NSE,HOMEFIRST
530689,2073,VTL,VARDHMAN TEXTILES,0.0,,0.0,0.05,1,EQ,NSE,NSE,VTL
533761,2085,MAHSCOOTER,MAHARASHTRA SCOOTERS,0.0,,0.0,1.0,1,EQ,NSE,NSE,MAHSCOOTER
534529,2088,MAHSEAMLES,MAHARASHTRA SEAMLESS,0.0,,0.0,0.05,1,EQ,NSE,NSE,MAHSEAMLES
548353,2142,MFSL,MAX FINANCIAL SERV,0.0,,0.0,0.1,1,EQ,NSE,NSE,MFSL
548865,2144,BDL,BHARAT DYNAMICS,0.0,,0.0,0.1,1,EQ,NSE,NSE,BDL
558337,2181,BOSCHLTD,BOSCH,0.0,,0.0,5.0,1,EQ,NSE,NSE,BOSCHLTD
579329,2263,BANDHANBNK,BANDHAN BANK,0.0,,0.0,0.01,1,EQ,NSE,NSE,BANDHANBNK
582913,2277,MRF,MRF,0.0,,0.0,5.0,1,EQ,NSE,NSE,MRF
584449,2283,MRPL,MRPL,0.0,,0.0,0.01,1,EQ,NSE,NSE,MRPL
589569,2303,HAL,HINDUSTAN AERONAUTICS,0.0,,0.0,0.1,1,EQ,NSE,NSE,HAL
593665,2319,NCC,NCC,0.0,,0.0,0.01,1,EQ,NSE,NSE,NCC
615937,2406,NEULANDLAB,NEULAND LAB,0.0,,0.0,1.0,1,EQ,NSE,NSE,NEULANDLAB
622337,2431,RAILTEL,RAILTEL CORP OF IND,0.0,,0.0,0.05,1,EQ,NSE,NSE,RAILTEL
633601,2475,ONGC,OIL AND NATURAL GAS CORP.,0.0,,0.0,0.05,1,EQ,NSE,NSE,ONGC
648961,2535,PGHH,P&G HYGIENE & HEALTH CARE,0.0,,0.0,1.0,1,EQ,NSE,NSE,PGHH
667137,2606,LEMONTREE,LEMON TREE HOTELS,0.0,,0.0,0.01,1,EQ,NSE,NSE,LEMONTREE
676609,2643,PFIZER,PFIZER,0.0,,0.0,0.5,1,EQ,NSE,NSE,PFIZER
678145,2649,PCBL,PCBL CHEMICAL,0.0,,0.0,0.05,1,EQ,NSE,NSE,PCBL
681985,2664,PIDILITIND,PIDILITE INDUSTRIES,0.0,,0.0,0.1,1,EQ,NSE,NSE,PIDILITIND
692481,2705,PRAJIND,PRAJ INDUSTRIES,0.0,,0.0,0.05,1,EQ,NSE,NSE,PRAJIND
712449,2783,JUBLINGREA,JUBILANT INGREVIA,0.0,,0.0,0.05,1,EQ,NSE,NSE,JUBLINGREA
730625,2854,CRAFTSMAN,CRAFTSMAN AUTOMATION,0.0,,0.0,0.5,1,EQ,NSE,NSE,CRAFTSMAN
733697,2866,RCF,RASHTRIYA CHEMICALS & FER,0.0,,0.0,0.01,1,EQ,NSE,NSE,RCF
738561,2885,RELIANCE,RELIANCE INDUSTRIES,0.0,,0.0,0.1,1,EQ,NSE,NSE,RELIANCE
756481,2955,KALYANKJIL,KALYAN JEWELLERS IND,0.0,,0.0,0.05,1,EQ,NSE,NSE,KALYANKJIL
758529,2963,SAIL,STEEL AUTHORITY OF INDIA,0.0,,0.0,0.01,1,EQ,NSE,NSE,SAIL
774145,3024,JINDALSAW,JINDAL SAW,0.0,,0.0,0.01,1,EQ,NSE,NSE,JINDALSAW
779521,3045,SBIN,STATE BANK OF INDIA,0.0,,0.0,0.05,1,EQ,NSE,NSE,SBIN
780289,3048,SCI,SHIPPING CORP OF INDIA LT,0.0,,0.0,0.05,1,EQ,NSE,NSE,SCI
784129,3063,VEDL,VEDANTA,0.0,,0.0,0.05,1,EQ,NSE,NSE,VEDL
794369,3103,SHREECEM,SHREE CEMENT,0.0,,0.0,5.0,1,EQ,NSE,NSE,SHREECEM
806401,3150,SIEMENS,SIEMENS,0.0,,0.0,0.1,1,EQ,NSE,NSE,SIEMENS
815617,3186,SKFINDIA,SKF INDIA,0.0,,0.0,0.1,1,EQ,NSE,NSE,SKFINDIA
824321,3220,LODHA,LODHA DEVELOPERS,0.0,,0.0,0.1,1,EQ,NSE,NSE,LODHA
837889,3273,SRF,SRF,0.0,,0.0,0.1,1,EQ,NSE,NSE,SRF
854785,3339,SUNDARMFIN,SUNDARAM FINANCE,0.0,,0.0,0.1,1,EQ,NSE,NSE,SUNDARMFIN
856321,3345,SUNDRMFAST,SUNDRAM FASTENERS,0.0,,0.0,0.05,1,EQ,NSE,NSE,SUNDRMFAST
857857,3351,SUNPHARMA,SUN PHARMACEUTICAL IND L,0.0,,0.0,0.1,1,EQ,NSE,NSE,SUNPHARMA
860929,3363,SUPREMEIND,SUPREME INDUSTRIES,0.0,,0.0,0.1,1,EQ,NSE,NSE,SUPREMEIND
871681,3405,TATACHEM,TATA CHEMICALS,0.0,,0.0,0.05,1,EQ,NSE,NSE,TATACHEM
873217,3411,TATAELXSI,TATA ELXSI,0.0,,0.0,0.5,1,EQ,NSE,NSE,TATAELXSI
874753,3417,HONAUT,HONEYWELL AUTOMATION IND,0.0,,0.0,5.0,1,EQ,NSE,NSE,HONAUT
877057,3426,TATAPOWER,TATA POWER CO,0.0,,0.0,0.05,1,EQ,NSE,NSE,TATAPOWER
878593,3432,TATACONSUM,TATA CONSUMER PRODUCT,0.0,,0.0,0.1,1,EQ,NSE,NSE,TATACONSUM
884737,3456,TMPV,TATA MOTORS PASS VEH,0.0,,0.0,0.05,1,EQ,NSE,NSE,TMPV
889601,3475,THERMAX,THERMAX,0.0,,0.0,0.1,1,EQ,NSE,NSE,THERMAX
895745,3499,TATASTEEL,TATA STEEL,0.0,,0.0,0.01,1,EQ,NSE,NSE,TATASTEEL
897537,3506,TITAN,TITAN COMPANY,0.0,,0.0,0.1,1,EQ,NSE,NSE,TITAN
900609,3518,TORNTPHARM,TORRENT PHARMACEUTICALS L,0.0,,0.0,0.1,1,EQ,NSE,NSE,TORNTPHARM
912129,3563,ADANIGREEN,ADANI GREEN ENERGY,0.0,,0.0,0.1,1,EQ,NSE,NSE,ADANIGREEN
931073,3637,JUBLPHARMA,JUBILANT PHARMOVA,0.0,,0.0,0.1,1,EQ,NSE,NSE,JUBLPHARMA
951809,3718,VOLTAS,VOLTAS,0.0,,0.0,0.1,1,EQ,NSE,NSE,VOLTAS
952577,3721,TATACOMM,TATA COMMUNICATIONS,0.0,,0.0,0.1,1,EQ,NSE,NSE,TATACOMM
962817,3761,RITES,RITES,0.0,,0.0,0.01,1,EQ,NSE,NSE,RITES
969473,3787,WIPRO,WIPRO,0.0,,0.0,0.01,1,EQ,NSE,NSE,WIPRO
975873,3812,ZEEL,ZEE ENTERTAINMENT ENT,0.0,,0.0,0.01,1,EQ,NSE,NSE,ZEEL
999937,3906,CAPLIPOINT,CAPLIN POINT LAB,0.0,,0.0,0.1,1,EQ,NSE,NSE,CAPLIPOINT
1003009,3918,NATCOPHARM,NATCO PHARMA,0.0,,0.0,0.05,1,EQ,NSE,NSE,NATCOPHARM
1027585,4014,NAVA,NAVA,0.0,,0.0,0.05,1,EQ,NSE,NSE,NAVA
1041153,4067,MARICO,MARICO,0.0,,0.0,0.05,1,EQ,NSE,NSE,MARICO
1076225,4204,MOTHERSON,SAMVRDHNA MTHRSN INTL,0.0,,0.0,0.01,1,EQ,NSE,NSE,MOTHERSON
1086465,4244,HDFCAMC,HDFC AMC,0.0,,0.0,0.5,1,EQ,NSE,NSE,HDFCAMC
1102337,4306,SHRIRAMFIN,SHRIRAM FINANCE,0.0,,0.0,0.05,1,EQ,NSE,NSE,SHRIRAMFIN
1131777,4421,CREDITACC,CREDITACCESS GRAMEEN,0.0,,0.0,0.1,1,EQ,NSE,NSE,CREDITACC
1148673,4487,ALKYLAMINE,ALKYL AMINES CHEM.,0.0,,0.0,0.1,1,EQ,NSE,NSE,ALKYLAMINE
1152769,4503,MPHASIS,MPHASIS,0.0,,0.0,0.1,1,EQ,NSE,NSE,MPHASIS
1195009,4668,BANKBARODA,BANK OF BARODA,0.0,,0.0,0.05,1,EQ,NSE,NSE,BANKBARODA
1199105,4684,SONACOMS,SONA BLW PRECISION FRGS L,0.0,,0.0,0.05,1,EQ,NSE,NSE,SONACOMS
1201409,4693,SHYAMMETL,SHYAM METALICS AND ENGY L,0.0,,0.0,0.05,1,EQ,NSE,NSE,SHYAMMETL
1207553,4717,GAIL,GAIL (INDIA),0.0,,0.0,0.01,1,EQ,NSE,NSE,GAIL
1214721,4745,BANKINDIA,BANK OF INDIA,0.0,,0.0,0.01,1,EQ,NSE,NSE,BANKINDIA
1215745,4749,CONCOR,CONTAINER CORP OF IND,0.0,,0.0,0.05,1,EQ,NSE,NSE,CONCOR
1240833,4847,KIMS,KRISHNA INST OF MED SCI L,0.0,,0.0,0.05,1,EQ,NSE,NSE,KIMS
1252353,4892,SAREGAMA,SAREGAMA INDIA,0.0,,0.0,0.05,1,EQ,NSE,NSE,SAREGAMA
1256193,4907,ENGINERSIN,ENGINEERS INDIA,0.0,,0.0,0.01,1,EQ,NSE,NSE,ENGINERSIN
1270529,4963,ICICIBANK,ICICI BANK,0.0,,0.0,0.1,1,EQ,NSE,NSE,ICICIBANK
1276417,4986,IRCON,IRCON INTERNATIONAL,0.0,,0.0,0.01,1,EQ,NSE,NSE,IRCON
1292545,5049,CLEAN,CLEAN SCIENCE & TECH,0.0,,0.0,0.1,1,EQ,NSE,NSE,CLEAN
1304833,5097,ETERNAL,ETERNAL - ZOMATO,0.0,,0.0,0.05,1,EQ,NSE,NSE,ETERNAL
1332225,5204,GMDCLTD,GUJARAT MINERAL DEV CORP,0.0,,0.0,0.05,1,EQ,NSE,NSE,GMDCLTD
1346049,5258,INDUSINDBK,INDUSIND BANK,0.0,,0.0,0.05,1,EQ,NSE,NSE,INDUSINDBK
1375489,5373,DEVYANI,DEVYANI INTERNATIONAL,0.0,,0.0,0.01,1,EQ,NSE,NSE,DEVYANI
1376769,5378,ASAHIINDIA,ASAHI INDIA GLASS,0.0,,0.0,0.05,1,EQ,NSE,NSE,ASAHIINDIA
1378561,5385,AAVAS,AAVAS FINANCIERS,0.0,,0.0,0.1,1,EQ,NSE,NSE,AAVAS
1389057,5426,NUVOCO,NUVOCO VISTAS CORP,0.0,,0.0,0.05,1,EQ,NSE,NSE,NUVOCO
1391361,5435,APTUS,APTUS VALUE HSG FIN I,0.0,,0.0,0.05,1,EQ,NSE,NSE,APTUS
1401601,5475,GRSE,GARDEN REACH SHIP&ENG,0.0,,0.0,0.1,1,EQ,NSE,NSE,GRSE
1429761,5585,VIJAYA,VIJAYA DIAGNOSTIC CEN,0.0,,0.0,0.05,1,EQ,NSE,NSE,VIJAYA
1436161,5610,ASTRAZEN,ASTRAZENECA PHARMA IND LT,0.0,,0.0,0.5,1,EQ,NSE,NSE,ASTRAZEN
1442049,5633,J&KBANK,J & K BANK,0.0,,0.0,0.01,1,EQ,NSE,NSE,JKBANK
1459457,5701,CUB,CITY UNION BANK,0.0,,0.0,0.01,1,EQ,NSE,NSE,CUB
1471489,5748,CYIENT,CYIENT,0.0,,0.0,0.1,1,EQ,NSE,NSE,CYIENT
1510401,5900,AXISBANK,AXIS BANK,0.0,,0.0,0.1,1,EQ,NSE,NSE,AXISBANK
1517057,5926,INTELLECT,INTELLECT DESIGN ARENA,0.0,,0.0,0.1,1,EQ,NSE,NSE,INTELLECT
1540609,6018,ABSLAMC,ADIT BIRL SUN LIF AMC,0.0,,0.0,0.05,1,EQ,NSE,NSE,ABSLAMC
1552897,6066,ATGL,ADANI TOTAL GAS,0.0,,0.0,0.05,1,EQ,NSE,NSE,ATGL
1629185,6364,NATIONALUM,NATIONAL ALUMINIUM CO,0.0,,0.0,0.01,1,EQ,NSE,NSE,NATIONALUM
1649921,6445,TECHNOE,TECHNO ELEC & ENG CO.,0.0,,0.0,0.1,1,EQ,NSE,NSE,TECHNOE
1675521,6545,NYKAA,FSN E COMMERCE VENTURES,0.0,,0.0,0.01,1,EQ,NSE,NSE,NYKAA
1688577,6596,SONATSOFTW,SONATA SOFTWARE,0.0,,0.0,0.05,1,EQ,NSE,NSE,SONATSOFTW
1703937,6656,POLICYBZR,PB FINTECH,0.0,,0.0,0.1,1,EQ,NSE,NSE,POLICYBZR
1716481,6705,PAYTM,ONE 97 COMMUNICATIONS,0.0,,0.0,0.1,1,EQ,NSE,NSE,PAYTM
1719809,6718,SAPPHIRE,SAPPHIRE FOODS INDIA,0.0,,0.0,0.05,1,EQ,NSE,NSE,SAPPHIRE
1723649,6733,JINDALSTEL,JINDAL STEEL,0.0,,0.0,0.1,1,EQ,NSE,NSE,JINDALSTEL
1745409,6818,LATENTVIEW,LATENT VIEW ANALYTICS,0.0,,0.0,0.05,1,EQ,NSE,NSE,LATENTVIEW
1790465,6994,BSOFT,BIRLASOFT,0.0,,0.0,0.05,1,EQ,NSE,NSE,BSOFT
1813249,7083,STARHEALTH,STAR HEALTH & AL INS CO L,0.0,,0.0,0.05,1,EQ,NSE,NSE,STARHEALTH
1829121,7145,ANANDRATHI,ANAND RATHI WEALTH,0.0,,0.0,0.1,1,EQ,NSE,NSE,ANANDRATHI
1850113,7227,MAPMYINDIA,C.E. INFO SYSTEMS,0.0,,0.0,0.1,1,EQ,NSE,NSE,MAPMYINDIA
1850625,7229,HCLTECH,HCL TECHNOLOGIES,0.0,,0.0,0.1,1,EQ,NSE,NSE,HCLTECH
1883649,7358,DATAPATTNS,DATA PATTERNS INDIA,0.0,,0.0,0.1,1,EQ,NSE,NSE,DATAPATTNS
1895937,7406,GLENMARK,GLENMARK PHARMACEUTICALS,0.0,,0.0,0.1,1,EQ,NSE,NSE,GLENMARK
1921537,7506,WOCKPHARMA,WOCKHARDT,0.0,,0.0,0.1,1,EQ,NSE,NSE,WOCKPHARMA
1922049,7508,ZENTEC,ZEN TECHNOLOGIES,0.0,,0.0,0.1,1,EQ,NSE,NSE,ZENTEC
2010113,7852,INOXWIND,INOX WIND,0.0,,0.0,0.01,1,EQ,NSE,NSE,INOXWIND
2029825,7929,ZYDUSLIFE,ZYDUS LIFESCIENCES,0.0,,0.0,0.05,1,EQ,NSE,NSE,ZYDUSLIFE
2067201,8075,DALBHARAT,DALMIA BHARAT,0.0,,0.0,0.1,1,EQ,NSE,NSE,DALBHARAT
2076161,8110,AWL,AWL AGRI BUSINESS,0.0,,0.0,0.05,1,EQ,NSE,NSE,AWL
2079745,8124,AJANTPHARM,AJANTA PHARMA,0.0,,0.0,0.1,1,EQ,NSE,NSE,AJANTPHARM
2090753,8167,MANYAVAR,VEDANT FASHIONS,0.0,,0.0,0.05,1,EQ,NSE,NSE,MANYAVAR
2127617,8311,BLUESTARCO,BLUE STAR,0.0,,0.0,0.1,1,EQ,NSE,NSE,BLUESTARCO
2170625,8479,TVSMOTOR,TVS MOTOR COMPANY ,0.0,,0.0,0.1,1,EQ,NSE,NSE,TVSMOTOR
2187777,8546,CHALET,CHALET HOTELS,0.0,,0.0,0.05,1,EQ,NSE,NSE,CHALET
2197761,8585,NLCINDIA,NLC INDIA,0.0,,0.0,0.05,1,EQ,NSE,NSE,NLCINDIA
2200577,8596,MSUMI,MOTHERSON SUMI WRNG IND L,0.0,,0.0,0.01,1,EQ,NSE,NSE,MSUMI
2263041,8840,USHAMART,USHA MARTIN,0.0,,0.0,0.05,1,EQ,NSE,NSE,USHAMART
2269697,8866,CHOICEIN,CHOICE INTERNATIONAL,0.0,,0.0,0.05,1,EQ,NSE,NSE,CHOICEIN
2292225,8954,TTML,TATA TELESERV(MAHARASTRA),0.0,,0.0,0.01,1,EQ,NSE,NSE,TTML
2393089,9348,IOB,INDIAN OVERSEAS BANK,0.0,,0.0,0.01,1,EQ,NSE,NSE,IOB
2396673,9362,CAMPUS,CAMPUS ACTIVEWEAR,0.0,,0.0,0.05,1,EQ,NSE,NSE,CAMPUS
2408449,9408,RAINBOW,RAINBOW CHILDRENS MED,0.0,,0.0,0.1,1,EQ,NSE,NSE,RAINBOW
2426881,9480,LICI,LIFE INSURA CORP OF INDIA,0.0,,0.0,0.05,1,EQ,NSE,NSE,LICI
2445313,9552,RVNL,RAIL VIKAS NIGAM,0.0,,0.0,0.05,1,EQ,NSE,NSE,RVNL
2452737,9581,METROPOLIS,METROPOLIS HEALTHCARE,0.0,,0.0,0.1,1,EQ,NSE,NSE,METROPOLIS
2455041,9590,POLYCAB,POLYCAB INDIA,0.0,,0.0,0.5,1,EQ,NSE,NSE,POLYCAB
2457345,9599,DELHIVERY,DELHIVERY,0.0,,0.0,0.05,1,EQ,NSE,NSE,DELHIVERY
2478849,9683,KPITTECH,KPIT TECHNOLOGIES,0.0,,0.0,0.1,1,EQ,NSE,NSE,KPITTECH
2479361,9685,TRIDENT,TRIDENT,0.0,,0.0,0.01,1,EQ,NSE,NSE,TRIDENT
2513665,9819,HAVELLS,HAVELLS INDIA,0.0,,0.0,0.1,1,EQ,NSE,NSE,HAVELLS
2585345,10099,GODREJCP,GODREJ CONSUMER PRODUCTS,0.0,,0.0,0.1,1,EQ,NSE,NSE,GODREJCP
2615553,10217,ADANIENSOL,ADANI ENERGY SOLUTION,0.0,,0.0,0.05,1,EQ,NSE,NSE,ADANIENSOL
2622209,10243,SYNGENE,SYNGENE INTERNATIONAL,0.0,,0.0,0.05,1,EQ,NSE,NSE,SYNGENE
2672641,10440,LUPIN,LUPIN,0.0,,0.0,0.1,1,EQ,NSE,NSE,LUPIN
2674433,10447,UNITDSPR,UNITED SPIRITS,0.0,,0.0,0.1,1,EQ,NSE,NSE,UNITDSPR
2713345,10599,GUJGASLTD,GUJARAT GAS,0.0,,0.0,0.05,1,EQ,NSE,NSE,GUJGASLTD
2714625,10604,BHARTIARTL,BHARTI AIRTEL,0.0,,0.0,0.1,1,EQ,NSE,NSE,BHARTIARTL
2723073,10637,OLECTRA,OLECTRA GREENTECH,0.0,,0.0,0.1,1,EQ,NSE,NSE,OLECTRA
2730497,10666,PNB,PUNJAB NATIONAL BANK,0.0,,0.0,0.01,1,EQ,NSE,NSE,PNB
2745857,10726,INDIAMART,INDIAMART INTERMESH,0.0,,0.0,0.1,1,EQ,NSE,NSE,INDIAMART
2748929,10738,OFSS,ORACLE FIN SERV SOFT,0.0,,0.0,0.5,1,EQ,NSE,NSE,OFSS
2752769,10753,UNIONBANK,UNION BANK OF INDIA,0.0,,0.0,0.01,1,EQ,NSE,NSE,UNIONBANK
2763009,10793,SYRMA,SYRMA SGS TECHNOLOGY,0.0,,0.0,0.05,1,EQ,NSE,NSE,SYRMA
2763265,10794,CANBK,CANARA BANK,0.0,,0.0,0.01,1,EQ,NSE,NSE,CANBK
2796801,10925,GODREJIND,GODREJ INDUSTRIES,0.0,,0.0,0.1,1,EQ,NSE,NSE,GODREJIND
2800641,10940,DIVISLAB,DIVI S LABORATORIES,0.0,,0.0,0.5,1,EQ,NSE,NSE,DIVISLAB
2813441,10990,RADICO,RADICO KHAITAN,0.0,,0.0,0.1,1,EQ,NSE,NSE,RADICO
2815745,10999,MARUTI,MARUTI SUZUKI INDIA,0.0,,0.0,1.0,1,EQ,NSE,NSE,MARUTI
2863105,11184,IDFCFIRSTB,IDFC FIRST BANK,0.0,,0.0,0.01,1,EQ,NSE,NSE,IDFCFIRSTB
2865921,11195,INDIGO,INTERGLOBE AVIATION,0.0,,0.0,0.5,1,EQ,NSE,NSE,INDIGO
2873089,11223,UCOBANK,UCO BANK,0.0,,0.0,0.01,1,EQ,NSE,NSE,UCOBANK
2876417,11236,JSL,JINDAL STAINLESS,0.0,,0.0,0.05,1,EQ,NSE,NSE,JSL
2880769,11253,WELSPUNLIV,WELSPUN LIVING,0.0,,0.0,0.01,1,EQ,NSE,NSE,WELSPUNLIV
2883073,11262,IGL,INDRAPRASTHA GAS,0.0,,0.0,0.01,1,EQ,NSE,NSE,IGL
2889473,11287,UPL,UPL,0.0,,0.0,0.05,1,EQ,NSE,NSE,UPL
2903809,11343,AFFLE,AFFLE 3I,0.0,,0.0,0.1,1,EQ,NSE,NSE,AFFLE
2905857,11351,PETRONET,PETRONET LNG,0.0,,0.0,0.05,1,EQ,NSE,NSE,PETRONET
2911489,11373,BIOCON,BIOCON,0.0,,0.0,0.05,1,EQ,NSE,NSE,BIOCON
2912513,11377,MAHABANK,BANK OF MAHARASHTRA,0.0,,0.0,0.01,1,EQ,NSE,NSE,MAHABANK
2919169,11403,POONAWALLA,POONAWALLA FINCORP,0.0,,0.0,0.05,1,EQ,NSE,NSE,POONAWALLA
2921217,11411,RKFORGE,RAMKRISHNA FORGINGS,0.0,,0.0,0.05,1,EQ,NSE,NSE,RKFORGE
2931713,11452,CCL,CCL PRODUCTS (I),0.0,,0.0,0.05,1,EQ,NSE,NSE,CCL
2939649,11483,LT,LARSEN & TOUBRO,0.0,,0.0,0.1,1,EQ,NSE,NSE,LT
2941697,11491,APARINDS,APAR INDUSTRIES,0.0,,0.0,0.5,1,EQ,NSE,NSE,APARINDS
2952193,11532,ULTRACEMCO,ULTRATECH CEMENT,0.0,,0.0,1.0,1,EQ,NSE,NSE,ULTRACEMCO
2953217,11536,TCS,TATA CONSULTANCY SERV LT,0.0,,0.0,0.1,1,EQ,NSE,NSE,TCS
2955009,11543,COFORGE,COFORGE,0.0,,0.0,0.1,1,EQ,NSE,NSE,COFORGE
2962177,11571,PPLPHARMA,PIRAMAL PHARMA,0.0,,0.0,0.01,1,EQ,NSE,NSE,PPLPHARMA
2962689,11573,FORCEMOT,FORCE MOTORS,0.0,,0.0,1.0,1,EQ,NSE,NSE,FORCEMOT
2977281,11630,NTPC,NTPC,0.0,,0.0,0.05,1,EQ,NSE,NSE,NTPC
2983425,11654,LALPATHLAB,DR. LAL PATH LABS,0.0,,0.0,0.1,1,EQ,NSE,NSE,LALPATHLAB
2983681,11655,JBMA,JBM AUTO,0.0,,0.0,0.05,1,EQ,NSE,NSE,JBMA
2995969,11703,ALKEM,ALKEM LABORATORIES,0.0,,0.0,0.5,1,EQ,NSE,NSE,ALKEM
3001089,11723,JSWSTEEL,JSW STEEL,0.0,,0.0,0.1,1,EQ,NSE,NSE,JSWSTEEL
3011329,11763,JPPOWER,JAIPRAKASH POWER VEN.,0.0,,0.0,0.01,1,EQ,NSE,NSE,JPPOWER
3023105,11809,IIFL,IIFL FINANCE,0.0,,0.0,0.05,1,EQ,NSE,NSE,IIFL
3026177,11821,WELCORP,WELSPUN CORP,0.0,,0.0,0.05,1,EQ,NSE,NSE,WELCORP
3031041,11840,NH,NARAYANA HRUDAYALAYA,0.0,,0.0,0.1,1,EQ,NSE,NSE,NH
3039233,11872,GRANULES,GRANULES INDIA,0.0,,0.0,0.05,1,EQ,NSE,NSE,GRANULES
3050241,11915,YESBANK,YES BANK,0.0,,0.0,0.01,1,EQ,NSE,NSE,YESBANK
3060737,11956,MEDANTA,GLOBAL HEALTH,0.0,,0.0,0.1,1,EQ,NSE,NSE,MEDANTA
3063297,11966,BIKAJI,BIKAJI FOODS INTERN,0.0,,0.0,0.05,1,EQ,NSE,NSE,BIKAJI
3076609,12018,SUZLON,SUZLON ENERGY,0.0,,0.0,0.01,1,EQ,NSE,NSE,SUZLON
3080193,12032,FIVESTAR,FIVE-STAR BUS FIN,0.0,,0.0,0.05,1,EQ,NSE,NSE,FIVESTAR
3095553,12092,KAYNES,KAYNES TECHNOLOGY IND,0.0,,0.0,0.5,1,EQ,NSE,NSE,KAYNES
3343617,13061,360ONE,360 ONE WAM,0.0,,0.0,0.1,1,EQ,NSE,NSE,360ONE
3348737,13081,TRIVENI,TRIVENI ENGG. & INDS.,0.0,,0.0,0.05,1,EQ,NSE,NSE,TRIVENI
3350017,13086,AIAENG,AIA ENGINEERING,0.0,,0.0,0.1,1,EQ,NSE,NSE,AIAENG
3365633,13147,PVRINOX,PVR INOX,0.0,,0.0,0.1,1,EQ,NSE,NSE,PVRINOX
3378433,13197,GSPL,GUJARAT STATE PETRO,0.0,,0.0,0.05,1,EQ,NSE,NSE,GSPL
3394561,13260,KEC,KEC INTL.,0.0,,0.0,0.05,1,EQ,NSE,NSE,KEC
3397121,13270,JKCEMENT,JK CEMENT,0.0,,0.0,0.5,1,EQ,NSE,NSE,JKCEMENT
3400961,13285,M&MFIN,M&M FIN. SERVICES,0.0,,0.0,0.05,1,EQ,NSE,NSE,MMFIN
3406081,13305,CENTURYPLY,CENTURY PLYBOARDS (I),0.0,,0.0,0.05,1,EQ,NSE,NSE,CENTURYPLY
3407361,13310,KEI,KEI INDUSTRIES,0.0,,0.0,0.1,1,EQ,NSE,NSE,KEI
3412993,13332,SOLARINDS,SOLAR INDUSTRIES (I),0.0,,0.0,1.0,1,EQ,NSE,NSE,SOLARINDS
3419905,13359,KFINTECH,KFIN TECHNOLOGIES,0.0,,0.0,0.1,1,EQ,NSE,NSE,KFINTECH
3431425,13404,SUNTV,SUN TV NETWORK,0.0,,0.0,0.05,1,EQ,NSE,NSE,SUNTV
3432705,13409,GPIL,GODAWARI POW & ISP,0.0,,0.0,0.05,1,EQ,NSE,NSE,GPIL
3460353,13517,EMAMILTD,EMAMI,0.0,,0.0,0.05,1,EQ,NSE,NSE,EMAMILTD
3463169,13528,GMRAIRPORT,GMR AIRPORTS,0.0,,0.0,0.01,1,EQ,NSE,NSE,GMRAIRPORT
3465729,13538,TECHM,TECH MAHINDRA,0.0,,0.0,0.1,1,EQ,NSE,NSE,TECHM
3478273,13587,ACE,ACTION CONST EQUIP,0.0,,0.0,0.1,1,EQ,NSE,NSE,ACE
3484417,13611,IRCTC,INDIAN RAIL TOUR CORP,0.0,,0.0,0.05,1,EQ,NSE,NSE,IRCTC
3486721,13620,ANANTRAJ,ANANT RAJ,0.0,,0.0,0.05,1,EQ,NSE,NSE,ANANTRAJ
3491073,13637,JMFINANCIL,JM FINANCIAL,0.0,,0.0,0.01,1,EQ,NSE,NSE,JMFINANCIL
3492609,13643,ELECON,ELECON ENG. CO.,0.0,,0.0,0.05,1,EQ,NSE,NSE,ELECON
3520001,13750,FLUOROCHEM,GUJARAT FLUOROCHEM,0.0,,0.0,0.1,1,EQ,NSE,NSE,FLUOROCHEM
3520257,13751,NAUKRI,INFO EDGE (I),0.0,,0.0,0.1,1,EQ,NSE,NSE,NAUKRI
3526657,13776,GESHIP,THE GE SHPG.LTD,0.0,,0.0,0.1,1,EQ,NSE,NSE,GESHIP
3529217,13786,TORNTPOWER,TORRENT POWER,0.0,,0.0,0.1,1,EQ,NSE,NSE,TORNTPOWER
3536897,13816,LTFOODS,LT FOODS,0.0,,0.0,0.05,1,EQ,NSE,NSE,LTFOODS
3539457,13826,SOBHA,SOBHA,0.0,,0.0,0.1,1,EQ,NSE,NSE,SOBHA
3575297,13966,HBLENGINE,HBL ENGINEERING,0.0,,0.0,0.1,1,EQ,NSE,NSE,HBLENGINE
3623425,14154,UNOMINDA,UNO MINDA,0.0,,0.0,0.1,1,EQ,NSE,NSE,UNOMINDA
3630081,14180,NSLNISP,NMDC STEEL,0.0,,0.0,0.01,1,EQ,NSE,NSE,NSLNISP
3634689,14198,TIMKEN,TIMKEN INDIA,0.0,,0.0,0.1,1,EQ,NSE,NSE,TIMKEN
3649281,14255,REDINGTON,REDINGTON,0.0,,0.0,0.05,1,EQ,NSE,NSE,REDINGTON
3660545,14299,PFC,POWER FIN CORP,0.0,,0.0,0.05,1,EQ,NSE,NSE,PFC
3661825,14304,FSL,FIRSTSOURCE SOLU.,0.0,,0.0,0.05,1,EQ,NSE,NSE,FSL
3663105,14309,INDIANB,INDIAN BANK,0.0,,0.0,0.05,1,EQ,NSE,NSE,INDIANB
3669505,14334,HSCL,HIMADRI SPECIALITY CHEM L,0.0,,0.0,0.05,1,EQ,NSE,NSE,HSCL
3677697,14366,IDEA,VODAFONE IDEA,0.0,,0.0,0.01,1,EQ,NSE,NSE,IDEA
3689729,14413,PAGEIND,PAGE INDUSTRIES,0.0,,0.0,5.0,1,EQ,NSE,NSE,PAGEIND
3691009,14418,ASTRAL,ASTRAL,0.0,,0.0,0.1,1,EQ,NSE,NSE,ASTRAL
3695361,14435,JKTYRE,JK TYRE & INDUSTRIES,0.0,,0.0,0.05,1,EQ,NSE,NSE,JKTYRE
3725313,14552,PHOENIXLTD,THE PHOENIX MILLS,0.0,,0.0,0.1,1,EQ,NSE,NSE,PHOENIXLTD
3735553,14592,FORTIS,FORTIS HEALTHCARE,0.0,,0.0,0.1,1,EQ,NSE,NSE,FORTIS
3756033,14672,NAVINFLUOR,NAVIN FLUORINE INT.,0.0,,0.0,0.5,1,EQ,NSE,NSE,NAVINFLUOR
3771393,14732,DLF,DLF,0.0,,0.0,0.05,1,EQ,NSE,NSE,DLF
3812865,14894,CENTRALBK,CENTRAL BANK OF INDIA,0.0,,0.0,0.01,1,EQ,NSE,NSE,CENTRALBK
3817473,14912,KPRMILL,KPR MILL,0.0,,0.0,0.1,1,EQ,NSE,NSE,KPRMILL
3826433,14947,MOTILALOFS,MOTILAL OSWAL FIN,0.0,,0.0,0.05,1,EQ,NSE,NSE,MOTILALOFS
3834113,14977,POWERGRID,POWER GRID CORP.,0.0,,0.0,0.05,1,EQ,NSE,NSE,POWERGRID
3849985,15039,CERA,CERA SANITARYWARE,0.0,,0.0,0.5,1,EQ,NSE,NSE,CERA
3861249,15083,ADANIPORTS,ADANI PORT & SEZ,0.0,,0.0,0.1,1,EQ,NSE,NSE,ADANIPORTS
3876097,15141,COLPAL,COLGATE PALMOLIVE,0.0,,0.0,0.1,1,EQ,NSE,NSE,COLPAL
3877377,15146,JYOTHYLAB,JYOTHY LABS,0.0,,0.0,0.05,1,EQ,NSE,NSE,JYOTHYLAB
3884545,15174,TARIL,TRANS & RECTI.,0.0,,0.0,0.05,1,EQ,NSE,NSE,TARIL
3885825,15179,ECLERX,ECLERX SERVICES,0.0,,0.0,0.1,1,EQ,NSE,NSE,ECLERX
3887105,15184,BRIGADE,BRIGADE ENTER.,0.0,,0.0,0.1,1,EQ,NSE,NSE,BRIGADE
3905025,15254,CEATLTD,CEAT,0.0,,0.0,0.1,1,EQ,NSE,NSE,CEATLTD
3906305,15259,RPOWER,RELIANCE POWER,0.0,,0.0,0.01,1,EQ,NSE,NSE,RPOWER
3920129,15313,IRB,IRB INFRA DEV,0.0,,0.0,0.01,1,EQ,NSE,NSE,IRB
3924993,15332,NMDC,NMDC,0.0,,0.0,0.01,1,EQ,NSE,NSE,NMDC
3930881,15355,RECLTD,REC,0.0,,0.0,0.05,1,EQ,NSE,NSE,RECLTD
3932673,15362,VGUARD,V-GUARD IND,0.0,,0.0,0.05,1,EQ,NSE,NSE,VGUARD
3937281,15380,MANKIND,MANKIND PHARMA,0.0,,0.0,0.1,1,EQ,NSE,NSE,MANKIND
3945985,15414,TITAGARH,TITAGARH RAIL SYSTEMS,0.0,,0.0,0.05,1,EQ,NSE,NSE,TITAGARH
4267265,16669,BAJAJ-AUTO,BAJAJ AUTO,0.0,,0.0,0.5,1,EQ,NSE,NSE,BAJAJAUTO
4268801,16675,BAJAJFINSV,BAJAJ FINSERV,0.0,,0.0,0.1,1,EQ,NSE,NSE,BAJAJFINSV
4270593,16682,PTCIL,PTC INDUSTRIES,0.0,,0.0,1.0,1,EQ,NSE,NSE,PTCIL
4278529,16713,UBL,UNITED BREWERIES,0.0,,0.0,0.1,1,EQ,NSE,NSE,UBL
4296449,16783,GVT&D,GE VERNOVA T&D INDIA,0.0,,0.0,0.1,1,EQ,NSE,NSE,GVTD
4330241,16915,ZFCVINDIA,ZF COM VE CTR SYS IND,0.0,,0.0,1.0,1,EQ,NSE,NSE,ZFCVINDIA
4359425,17029,PATANJALI,PATANJALI FOODS,0.0,,0.0,0.05,1,EQ,NSE,NSE,PATANJALI
4376065,17094,CROMPTON,CROMPT GREA CON ELEC,0.0,,0.0,0.05,1,EQ,NSE,NSE,CROMPTON
4378881,17105,SUMICHEM,SUMITOMO CHEM INDIA,0.0,,0.0,0.05,1,EQ,NSE,NSE,SUMICHEM
4423425,17279,BLS,BLS INTL SERVS,0.0,,0.0,0.05,1,EQ,NSE,NSE,BLS
4432129,17313,LLOYDSME,LLOYDS METALS N ENERGY L,0.0,,0.0,0.1,1,EQ,NSE,NSE,LLOYDSME
4451329,17388,ADANIPOWER,ADANI POWER,0.0,,0.0,0.01,1,EQ,NSE,NSE,ADANIPOWER
4454401,17400,NHPC,NHPC,0.0,,0.0,0.01,1,EQ,NSE,NSE,NHPC
4462849,17433,NETWEB,NETWEB TECH INDIA,0.0,,0.0,0.1,1,EQ,NSE,NSE,NETWEB
4464129,17438,OIL,OIL INDIA,0.0,,0.0,0.05,1,EQ,NSE,NSE,OIL
4488705,17534,MGL,MAHANAGAR GAS,0.0,,0.0,0.1,1,EQ,NSE,NSE,MGL
4524801,17675,ALOKINDS,ALOK INDUSTRIES,0.0,,0.0,0.01,1,EQ,NSE,NSE,ALOKINDS
4546049,17758,SARDAEN,SARDA ENERGY & MIN,0.0,,0.0,0.05,1,EQ,NSE,NSE,SARDAEN
4561409,17818,LTIM,LTIMINDTREE,0.0,,0.0,0.5,1,EQ,NSE,NSE,LTIM
4574465,17869,JSWENERGY,JSW ENERGY,0.0,,0.0,0.05,1,EQ,NSE,NSE,JSWENERGY
4576001,17875,GODREJPROP,GODREJ PROPERTIES,0.0,,0.0,0.1,1,EQ,NSE,NSE,GODREJPROP
4583169,17903,ABBOTINDIA,ABBOTT INDIA,0.0,,0.0,5.0,1,EQ,NSE,NSE,ABBOTINDIA
4589313,17927,BAYERCROP,BAYER CROPSCIENCE,0.0,,0.0,0.1,1,EQ,NSE,NSE,BAYERCROP
4592385,17939,HINDCOPPER,HINDUSTAN COPPER,0.0,,0.0,0.05,1,EQ,NSE,NSE,HINDCOPPER
4593921,17945,COHANCE,COHANCE LIFESCIENCES,0.0,,0.0,0.05,1,EQ,NSE,NSE,COHANCE
4596993,17957,MMTC,MMTC,0.0,,0.0,0.01,1,EQ,NSE,NSE,MMTC
4598529,17963,NESTLEIND,NESTLE INDIA,0.0,,0.0,0.1,1,EQ,NSE,NSE,NESTLEIND
4600577,17971,SBICARD,SBI CARDS & PAY SER,0.0,,0.0,0.05,1,EQ,NSE,NSE,SBICARD
4610817,18011,WHIRLPOOL,WHIRLPOOL OF INDIA,0.0,,0.0,0.1,1,EQ,NSE,NSE,WHIRLPOOL
4614657,18026,SBFC,SBFC FINANCE,0.0,,0.0,0.01,1,EQ,NSE,NSE,SBFC
4623361,18060,CONCORDBIO,CONCORD BIOTECH,0.0,,0.0,0.1,1,EQ,NSE,NSE,CONCORDBIO
4632577,18096,JUBLFOOD,JUBILANT FOODWORKS,0.0,,0.0,0.05,1,EQ,NSE,NSE,JUBLFOOD
4639745,18124,DBREALTY,VALOR ESTATE,0.0,,0.0,0.01,1,EQ,NSE,NSE,DBREALTY
4644609,18143,JIOFIN,JIO FIN SERVICES,0.0,,0.0,0.05,1,EQ,NSE,NSE,JIOFIN
4701441,18365,PERSISTENT,PERSISTENT SYSTEMS,0.0,,0.0,0.5,1,EQ,NSE,NSE,PERSISTENT
4708097,18391,RBLBANK,RBL BANK,0.0,,0.0,0.05,1,EQ,NSE,NSE,RBLBANK
4724993,18457,POWERINDIA,HITACHI ENERGY INDIA,0.0,,0.0,1.0,1,EQ,NSE,NSE,POWERINDIA
4752385,18564,LTTS,L&T TECHNOLOGY SER.,0.0,,0.0,0.1,1,EQ,NSE,NSE,LTTS
4752897,18566,RRKABEL,R R KABEL,0.0,,0.0,0.1,1,EQ,NSE,NSE,RRKABEL
4756737,18581,KIRLOSBROS,KIRLOSKAR BROTHERS,0.0,,0.0,0.1,1,EQ,NSE,NSE,KIRLOSBROS
4774913,18652,ICICIPRULI,ICICI PRU LIFE INS CO,0.0,,0.0,0.05,1,EQ,NSE,NSE,ICICIPRULI
4792577,18721,NUVAMA,NUVAMA WEALTH MANAGE,0.0,,0.0,0.5,1,EQ,NSE,NSE,NUVAMA
4798209,18743,SIGNATURE,SIGNATUREGLOBAL INDIA,0.0,,0.0,0.1,1,EQ,NSE,NSE,SIGNATURE
4818433,18822,ENDURANCE,ENDURANCE TECHNO.,0.0,,0.0,0.1,1,EQ,NSE,NSE,ENDURANCE
4834049,18883,SJVN,SJVN,0.0,,0.0,0.01,1,EQ,NSE,NSE,SJVN
4840449,18908,PNBHOUSING,PNB HOUSING FIN,0.0,,0.0,0.05,1,EQ,NSE,NSE,PNBHOUSING
4843777,18921,VBL,VARUN BEVERAGES,0.0,,0.0,0.05,1,EQ,NSE,NSE,VBL
4869121,19020,JSWINFRA,JSW INFRASTRUCTURE,0.0,,0.0,0.05,1,EQ,NSE,NSE,JSWINFRA
4879617,19061,MANAPPURAM,MANAPPURAM FINANCE,0.0,,0.0,0.05,1,EQ,NSE,NSE,MANAPPURAM
4923905,19234,LAURUSLABS,LAURUS LABS,0.0,,0.0,0.05,1,EQ,NSE,NSE,LAURUSLABS
5013761,19585,BSE,BSE,0.0,,0.0,0.1,1,EQ,NSE,NSE,BSE
5039617,19686,BLUEJET,BLUE JET HEALTHCARE,0.0,,0.0,0.05,1,EQ,NSE,NSE,BLUEJET
5072129,19813,HONASA,HONASA CONSUMER - MAMAEARTH,0.0,,0.0,0.05,1,EQ,NSE,NSE,HONASA
5097729,19913,DMART,AVENUE SUPERMARTS,0.0,,0.0,0.1,1,EQ,NSE,NSE,DMART
5105409,19943,DEEPAKNTR,DEEPAK NITRITE,0.0,,0.0,0.1,1,EQ,NSE,NSE,DEEPAKNTR
5177345,20224,JWL,JUPITER WAGONS,0.0,,0.0,0.05,1,EQ,NSE,NSE,JWL
5181953,20242,OBEROIRLTY,OBEROI REALTY,0.0,,0.0,0.1,1,EQ,NSE,NSE,OBEROIRLTY
5186817,20261,IREDA,INDIAN RENEWABLE ENERGY,0.0,,0.0,0.01,1,EQ,NSE,NSE,IREDA
5195009,20293,TATATECH,TATA TECHNOLOGIES,0.0,,0.0,0.05,1,EQ,NSE,NSE,TATATECH
5197313,20302,PRESTIGE,PRESTIGE ESTATE,0.0,,0.0,0.1,1,EQ,NSE,NSE,PRESTIGE
5204225,20329,CGCL,CAPRI GLOBAL CAPITAL,0.0,,0.0,0.01,1,EQ,NSE,NSE,CGCL
5215745,20374,COALINDIA,COAL INDIA,0.0,,0.0,0.05,1,EQ,NSE,NSE,COALINDIA
5256705,20534,GRAVITA,GRAVITA INDIA,0.0,,0.0,0.1,1,EQ,NSE,NSE,GRAVITA
5261057,20551,DOMS,DOMS INDUSTRIES,0.0,,0.0,0.1,1,EQ,NSE,NSE,DOMS
5275393,20607,INOXINDIA,INOX INDIA,0.0,,0.0,0.1,1,EQ,NSE,NSE,INOXINDIA
5331201,20825,HUDCO,HSG & URBAN DEV CORPN,0.0,,0.0,0.01,1,EQ,NSE,NSE,HUDCO
5359617,20936,KIRLOSENG,KIRLOSKAR OIL ENG,0.0,,0.0,0.05,1,EQ,NSE,NSE,KIRLOSENG
5409537,21131,TEJASNET,TEJAS NETWORKS,0.0,,0.0,0.05,1,EQ,NSE,NSE,TEJASNET
5415425,21154,ERIS,ERIS LIFESCIENCES,0.0,,0.0,0.1,1,EQ,NSE,NSE,ERIS
5420545,21174,CDSL,CENTRAL DEPO SER (I),0.0,,0.0,0.1,1,EQ,NSE,NSE,CDSL
5436929,21238,AUBANK,AU SMALL FINANCE BANK,0.0,,0.0,0.05,1,EQ,NSE,NSE,AUBANK
5461505,21334,JYOTICNC,JYOTI CNC AUTOMATION,0.0,,0.0,0.05,1,EQ,NSE,NSE,JYOTICNC
5506049,21508,COCHINSHIP,COCHIN SHIPYARD,0.0,,0.0,0.1,1,EQ,NSE,NSE,COCHINSHIP
5533185,21614,ABCAPITAL,ADITYA BIRLA CAPITAL,0.0,,0.0,0.05,1,EQ,NSE,NSE,ABCAPITAL
5552641,21690,DIXON,DIXON TECHNO (INDIA),0.0,,0.0,1.0,1,EQ,NSE,NSE,DIXON
5565441,21740,CHOLAHLDNG,CHOLAMANDALAM FIN HOL,0.0,,0.0,0.1,1,EQ,NSE,NSE,CHOLAHLDNG
5573121,21770,ICICIGI,ICICI LOMBARD GIC,0.0,,0.0,0.1,1,EQ,NSE,NSE,ICICIGI
5582849,21808,SBILIFE,SBI LIFE INSURANCE CO,0.0,,0.0,0.1,1,EQ,NSE,NSE,SBILIFE
5619457,21951,HFCL,HFCL,0.0,,0.0,0.01,1,EQ,NSE,NSE,HFCL
5728513,22377,MAXHEALTH,MAX HEALTHCARE INS,0.0,,0.0,0.1,1,EQ,NSE,NSE,MAXHEALTH
6013185,23489,BHARTIHEXA,BHARTI HEXACOM,0.0,,0.0,0.1,1,EQ,NSE,NSE,BHARTIHEXA
6029569,23553,AIIL,AUTHUM INVEST & INFRA,0.0,,0.0,0.1,1,EQ,NSE,NSE,AIIL
6054401,23650,MUTHOOTFIN,MUTHOOT FINANCE,0.0,,0.0,0.1,1,EQ,NSE,NSE,MUTHOOTFIN
6065409,23693,INDGN,INDEGENE,0.0,,0.0,0.05,1,EQ,NSE,NSE,INDGN
6074625,23729,AADHARHFC,AADHAR HOUSING FINANCE L,0.0,,0.0,0.05,1,EQ,NSE,NSE,AADHARHFC
6077441,23740,TBOTEK,TBO TEK,0.0,,0.0,0.1,1,EQ,NSE,NSE,TBOTEK
6092545,23799,GODIGIT,GO DIGIT GENERAL INS,0.0,,0.0,0.05,1,EQ,NSE,NSE,GODIGIT
6191105,24184,PIIND,PI INDUSTRIES,0.0,,0.0,0.1,1,EQ,NSE,NSE,PIIND
6245889,24398,EMCURE,EMCURE PHARMACEUTICALS L,0.0,,0.0,0.1,1,EQ,NSE,NSE,EMCURE
6327041,24715,AKUMS,AKUMS DRUGS AND PHARMA L,0.0,,0.0,0.05,1,EQ,NSE,NSE,AKUMS
6352385,24814,FIRSTCRY,BRAINBEES SOLUTIONS,0.0,,0.0,0.05,1,EQ,NSE,NSE,FIRSTCRY
6386689,24948,LTF,L&T FINANCE,0.0,,0.0,0.05,1,EQ,NSE,NSE,LTF
6412545,25049,PREMIERENE,PREMIER ENERGIES,0.0,,0.0,0.1,1,EQ,NSE,NSE,PREMIERENE
6469121,25270,BAJAJHFL,BAJAJ HOUSING FINANCE,0.0,,0.0,0.01,1,EQ,NSE,NSE,BAJAJHFL
6483969,25328,APLLTD,ALEMBIC PHARMA,0.0,,0.0,0.05,1,EQ,NSE,NSE,APLLTD
6491649,25358,PGEL,PG ELECTROPLAST,0.0,,0.0,0.05,1,EQ,NSE,NSE,PGEL
6549505,25584,TRITURBINE,TRIVENI TURBINE,0.0,,0.0,0.05,1,EQ,NSE,NSE,TRITURBINE
6583809,25718,POLYMED,POLY MEDICURE,0.0,,0.0,0.1,1,EQ,NSE,NSE,POLYMED
6599681,25780,APLAPOLLO,APL APOLLO TUBES,0.0,,0.0,0.1,1,EQ,NSE,NSE,APLAPOLLO
6616065,25844,HYUNDAI,HYUNDAI MOTOR INDIA,0.0,,0.0,0.1,1,EQ,NSE,NSE,HYUNDAI
6629633,25897,MINDACORP,MINDA CORPORATION,0.0,,0.0,0.05,1,EQ,NSE,NSE,MINDACORP
6632193,25907,WAAREEENER,WAAREE ENERGIES,0.0,,0.0,0.1,1,EQ,NSE,NSE,WAAREEENER
6650113,25977,AFCONS,AFCONS INFRASTRUCTURE,0.0,,0.0,0.05,1,EQ,NSE,NSE,AFCONS
6925313,27052,SAGILITY,SAGILITY,0.0,,0.0,0.01,1,EQ,NSE,NSE,SAGILITY
6927617,27061,ACMESOLAR,ACME SOLAR HOLDINGS,0.0,,0.0,0.05,1,EQ,NSE,NSE,ACMESOLAR
6928897,27066,SWIGGY,SWIGGY,0.0,,0.0,0.05,1,EQ,NSE,NSE,SWIGGY
6936321,27095,SWANCORP,SWAN CORP,0.0,,0.0,0.05,1,EQ,NSE,NSE,SWANCORP
6936833,27097,NIVABUPA,NIVA BUPA HEALTH INS CO L,0.0,,0.0,0.01,1,EQ,NSE,NSE,NIVABUPA
6957057,27176,NTPCGREEN,NTPC GREEN ENERGY,0.0,,0.0,0.01,1,EQ,NSE,NSE,NTPCGREEN
7126785,27839,SAILIFE,SAI LIFE SCIENCES,0.0,,0.0,0.05,1,EQ,NSE,NSE,SAILIFE
7160065,27969,VMM,VISHAL MEGA MART,0.0,,0.0,0.01,1,EQ,NSE,NSE,VMM
7200001,28125,IKS,INVENTURUS KNOWLEDGE SO L,0.0,,0.0,0.1,1,EQ,NSE,NSE,IKS
7264769,28378,IGIL,INTERNATIO GEMM INS (I) L,0.0,,0.0,0.05,1,EQ,NSE,NSE,IGIL
7384833,28847,VENTIVE,VENTIVE HOSPITALITY,0.0,,0.0,0.05,1,EQ,NSE,NSE,VENTIVE
7458561,29135,INDUSTOWER,INDUS TOWERS,0.0,,0.0,0.05,1,EQ,NSE,NSE,INDUSTOWER
7481345,29224,ONESOURCE,ONESOURCE SPECL PHARMA L,0.0,,0.0,0.1,1,EQ,NSE,NSE,ONESOURCE
7488257,29251,ITCHOTELS,ITC HOTELS,0.0,,0.0,0.01,1,EQ,NSE,NSE,ITCHOTELS
7539713,29452,AGARWALEYE,DR AGARWALS HEALTH CARE L,0.0,,0.0,0.05,1,EQ,NSE,NSE,AGARWALEYE
7594497,29666,HEXT,HEXAWARE TECHNOLOGIES,0.0,,0.0,0.05,1,EQ,NSE,NSE,HEXT
7707649,30108,ABFRL,ADITYA BIRLA FASHION & RT,0.0,,0.0,0.01,1,EQ,NSE,NSE,ABFRL
7712001,30125,SAMMAANCAP,SAMMAAN CAPITAL,0.0,,0.0,0.01,1,EQ,NSE,NSE,SAMMAANCAP
7977729,31163,RHIM,RHI MAGNESITA INDIA,0.0,,0.0,0.05,1,EQ,NSE,NSE,RHIM
7982337,31181,MCX,MULTI COMMODITY EXCHANGE,0.0,,0.0,0.5,1,EQ,NSE,NSE,MCX
7995905,31234,SCHNEIDER,SCHNEIDER ELECTRIC INFRA,0.0,,0.0,0.05,1,EQ,NSE,NSE,SCHNEIDER
8042241,31415,NBCC,NBCC (INDIA),0.0,,0.0,0.01,1,EQ,NSE,NSE,NBCC
193751809,756843,ABLBL,ADITYA BIRLA LIFES BRAN L,0.0,,0.0,0.01,1,EQ,NSE,NSE,ABLBL
193758977,756871,ENRIN,SIEMENS ENERGY INDIA,0.0,,0.0,0.1,1,EQ,NSE,NSE,ENRIN
193795585,757014,THELEELA,LEELA PALACES HOTEL,0.0,,0.0,0.05,1,EQ,NSE,NSE,THELEELA
193878017,757336,AEGISVOPAK,AEGIS VOPAK TERMINALS,0.0,,0.0,0.05,1,EQ,NSE,NSE,AEGISVOPAK
193957121,757645,ATHERENERG,ATHER ENERGY,0.0,,0.0,0.05,1,EQ,NSE,NSE,ATHERENERG
